[
  {
    "client_id": 0,
    "client_email": "naseem@gmail.com",
    "client_address": "fdgdf",
    "client_mobile": "0593962376",
    "client_name": "ashraf daoud",
    "item_name": "choco",
    "filepath": "persons/naseem@gmail.com/images/ck.jpeg",
    "price": "33"
  },
  {
    "client_id": 1,
    "client_email": "naseem@gmail.com",
    "client_address": "fdgdf",
    "client_mobile": "0598234732",
    "client_name": "ashraf daoud",
    "item_name": "choco",
    "filepath": "persons/naseem@gmail.com/images/ck.jpeg",
    "price": "33"
  },
  {
    "client_id": 2,
    "client_email": "naseem@gmail.com",
    "client_address": "fdgdf",
    "client_mobile": "0598234763",
    "client_name": "ashraf daoud",
    "item_name": "choco",
    "filepath": "persons/naseem@gmail.com/images/ck.jpeg",
    "price": "33"
  },
  {
    "client_id": 3,
    "client_email": "naseem@gmail.com",
    "client_address": "fdgdf",
    "client_mobile": "0598234732",
    "client_name": "ashraf daoud",
    "item_name": "choco",
    "filepath": "persons/naseem@gmail.com/images/ck.jpeg",
    "price": "33"
  },
  {
    "client_id": 4,
    "client_email": "naseem@gmail.com",
    "client_address": "fdgdf",
    "client_mobile": "0593962376",
    "client_name": "ashraf daoud",
    "item_name": "choco",
    "filepath": "persons/naseem@gmail.com/images/ck.jpeg",
    "price": "33"
  },
  {
    "client_id": 5,
    "client_email": "naseem@gmail.com",
    "client_address": "paletine",
    "client_mobile": "0593962376",
    "client_name": "ashraf daoud",
    "item_name": "choco",
    "filepath": "persons/naseem@gmail.com/images/ck.jpeg",
    "price": "33"
  },
  {
    "client_id": 6,
    "client_email": "naseem@gmail.com",
    "client_address": "fdgdf",
    "client_mobile": "0598234732",
    "client_name": "ashraf daoud",
    "item_name": "cola",
    "filepath": "persons/naseem@gmail.com/images/pepsy.jpeg",
    "price": "6"
  },
  {
    "client_id": 7,
    "client_email": "naseem@gmail.com",
    "client_address": "gdgfgdfdfhdfg",
    "client_mobile": "0545348437",
    "client_name": "ashraf daoud",
    "item_name": "cola",
    "filepath": "persons/naseem@gmail.com/images/pepsy.jpeg",
    "price": "6"
  },
  {
    "client_id": 8,
    "client_email": "naseem@gmail.com",
    "client_address": "fdgdf",
    "client_mobile": "0598234732",
    "client_name": "ashraf daoud",
    "item_name": "cola",
    "filepath": "persons/naseem@gmail.com/images/pepsy.jpeg",
    "price": "6"
  },
  {
    "client_id": 9,
    "client_email": "naseem@gmail.com",
    "client_address": "gdgfgdfdfhdfg",
    "client_mobile": "0593962376",
    "client_name": "ashraf daoud",
    "item_name": "cola",
    "filepath": "persons/naseem@gmail.com/images/pepsy.jpeg",
    "price": "6"
  },
  {
    "client_id": 10,
    "client_email": "naseem@gmail.com",
    "client_address": "gdgfgdfdfhdfg",
    "client_mobile": "0593962376",
    "client_name": "ashraf daoud",
    "item_name": "cola",
    "filepath": "persons/naseem@gmail.com/images/pepsy.jpeg",
    "price": "6"
  },
  {
    "client_id": 11,
    "client_email": "ashrafabusuna23ina1986@gmail.com",
    "client_address": "fdgdf",
    "client_mobile": "0593962376",
    "client_name": "ashraf daoud",
    "item_name": "ashraf daoud",
    "filepath": "persons/ashrafabusuna23ina1986@gmail.com/images/ck.jpeg",
    "price": "55"
  },
  {
    "client_id": 12,
    "client_email": "nour@gmail.com",
    "client_address": "fdgdf",
    "client_mobile": "0593962376",
    "client_name": "ashraf daoud",
    "item_name": "chocolate",
    "filepath": "persons/nour@gmail.com/images/chocolate.jpeg",
    "price": "24"
  },
  {
    "client_id": 13,
    "client_email": "ashrafabusuna23ina1986@gmail.com",
    "client_address": "gdgfgdfdfhdfg",
    "client_mobile": "0593962376",
    "client_name": "ashraf daoud",
    "item_name": "ashraf daoud",
    "filepath": "persons/ashrafabusuna23ina1986@gmail.com/images/ck.jpeg",
    "price": "55"
  },
  {
    "client_id": 14,
    "client_email": "naseem@gmail.com",
    "client_address": "gdgfgdfdfhdfg",
    "client_mobile": "0593962376",
    "client_name": "ashraf daoud",
    "item_name": "cola",
    "filepath": "persons/naseem@gmail.com/images/pepsy.jpeg",
    "price": "6"
  },
  {
    "client_id": 15,
    "client_email": "naseem@gmail.com",
    "client_address": "fdgdf",
    "client_mobile": "0593962376",
    "client_name": "ashraf daoud",
    "item_name": "cola",
    "filepath": "persons/naseem@gmail.com/images/pepsy.jpeg",
    "price": "6"
  },
  {
    "client_id": 16,
    "client_email": "naseem@gmail.com",
    "client_address": "dfgfdgd",
    "client_mobile": "0593962376",
    "client_name": "ashraf daoud",
    "item_name": "cola",
    "filepath": "persons/naseem@gmail.com/images/pepsy.jpeg",
    "price": "6"
  },
  {
    "client_id": 17,
    "client_email": "ashrafabusunaina1f986@gmail.com",
    "client_address": "wad alharia mahsom 17",
    "client_mobile": "0597345678",
    "client_name": "islam daoud",
    "item_name": "pepsi",
    "filepath": "persons/ashrafabusunaina1f986@gmail.com/images/pepsy.jpeg",
    "price": "43"
  },
  {
    "client_id": 18,
    "client_email": "ashrafabusunaina1f986@gmail.com",
    "client_address": "wad alharia mahsom 17",
    "client_mobile": "0598234763",
    "client_name": "islam daoud",
    "item_name": "pepsi",
    "filepath": "persons/ashrafabusunaina1f986@gmail.com/images/pepsy.jpeg",
    "price": "43"
  },
  {
    "client_id": 19,
    "client_email": "naseem@gmail.com",
    "client_address": "hebron",
    "client_mobile": "0598234732",
    "client_name": "rambo rambo",
    "item_name": "choco",
    "filepath": "persons/naseem@gmail.com/images/ck.jpeg",
    "price": "33"
  },
  {
    "client_id": 20,
    "client_email": "fadi@gmail.com",
    "client_address": "dahran",
    "client_mobile": "0345672345",
    "client_name": "lamia lama",
    "item_name": "fsfazz",
    "filepath": "persons/fadi@gmail.com/images/ck5.jpeg",
    "price": "33"
  },
  {
    "client_id": 21,
    "client_email": "naseem@gmail.com",
    "client_address": "wad alharia mahsom 17",
    "client_mobile": "0598234732",
    "client_name": "ashraf daoud",
    "item_name": "cola",
    "filepath": "persons/naseem@gmail.com/images/pepsy.jpeg",
    "price": "6"
  },
  {
    "client_id": 22,
    "client_email": "ashrafabusun22aina1986@gmail.com",
    "client_address": "wad alharia mahsom 17",
    "client_mobile": "0598234763",
    "client_name": "ashraf daoud",
    "item_name": "farawlaa",
    "filepath": "persons/ashrafabusun22aina1986@gmail.com/images/Screenshot from 2023-06-13 19-44-26.png",
    "price": "55"
  },
  {
    "client_id": 23,
    "client_email": "ashrafabusun22aina1986@gmail.com",
    "client_address": "wad alharia mahsom 17",
    "client_mobile": "0598234763",
    "client_name": "ashraf daoud",
    "item_name": "ashraf daoud",
    "filepath": "persons/ashrafabusun22aina1986@gmail.com/images/logo192.png",
    "price": "43"
  }
]