[
  {
    "id": 0,
    "name": "ashraf",
    "email": "ashrafabusunaina1986@gmail.com",
    "password": "Ashraf#12"
  },
  {
    "id": 1,
    "name": "muhammad",
    "email": "muhammad@gmail.com",
    "password": "Ashraft123"
  },
  {
    "id": 2,
    "name": "ahmad",
    "email": "aadmin@gmail.com",
    "password": "DahmaodS@34"
  },
  {
    "id": 3,
    "name": "jackie chan",
    "email": "jackiechan@gmail.com",
    "password": "Caajre#433"
  },
  {
    "id": 4,
    "name": "latina",
    "email": "latina@gmail.com",
    "password": "Asjraf$345"
  },
  {
    "id": 5,
    "name": "mohammad",
    "email": "mohammad@gamil.com",
    "password": "Sdhras#33"
  },
  {
    "id": 6,
    "name": "hassan",
    "email": "hassan@hotmail.com",
    "password": "DE45rret4r#4"
  },
  {
    "id": 7,
    "name": "nour",
    "email": "nour@gmail.com",
    "password": "Ashfd#23"
  },
  {
    "id": 8,
    "name": "bara",
    "email": "barad@gmail.com",
    "password": "Afhfre$34"
  },
  {
    "id": 9,
    "name": "fadi",
    "email": "fadi@gmail.com",
    "password": "Asjraf2!2"
  },
  {
    "id": 10,
    "name": "ashraf",
    "email": "ashrafabusunaina1f986@gmail.com",
    "password": "Ashraf@123"
  },
  {
    "id": 11,
    "name": "lama",
    "email": "lama@gmail.com",
    "password": "Ashrsd$566"
  },
  {
    "id": 12,
    "name": "naseem",
    "email": "naseem@gmail.com",
    "password": "Ashraf$56"
  },
  {
    "id": 13,
    "name": "ashraf",
    "email": "ashrafabusun22aina1986@gmail.com",
    "password": "Asdfj#45"
  },
  {
    "id": 14,
    "name": "ashraf daoud",
    "email": "ashrafabusuna23ina1986@gmail.com",
    "password": "Dfggdzv#45"
  },
  {
    "id": 15,
    "name": "ashraf daoud",
    "email": "ashrafabusunaina3451986@gmail.com",
    "password": "Asktsf$56"
  }
]