[
  {
    "id": 0,
    "name": "flower jory",
    "price": 7,
    "filename": "persons/latina@gmail.com/images/e3.jpeg"
  },
  {
    "id": 1,
    "name": "kan",
    "price": 2,
    "filename": "persons/latina@gmail.com/images/k3.jpeg"
  },
  {
    "id": 2,
    "name": "gtr",
    "price": 55,
    "filename": "persons/latina@gmail.com/images/fv5.jpeg"
  },
  {
    "id": 3,
    "name": "rgrsgzd",
    "price": 33,
    "filename": "persons/latina@gmail.com/images/flower1.jpeg"
  },
  {
    "id": 4,
    "name": "gssrgs",
    "price": 444,
    "filename": "persons/latina@gmail.com/images/fv5.jpeg"
  },
  {
    "id": 5,
    "name": "dfvvf",
    "price": 2,
    "filename": "persons/latina@gmail.com/images/flower1.jpeg"
  },
  {
    "id": 6,
    "name": "hommos",
    "price": 5,
    "filename": "persons/latina@gmail.com/images/logo192.png"
  }
]